episode,protein,stage,total_reward,final_energy,rmsd,steps,clashes,policy_loss,value_loss,entropy
1,1L2Y,1,147.5,149.4004,18.9375,50,1,0,0,0
2,1L2Y,1,114.9,34.4011,31.7201,50,4,0,0,0
3,1L2Y,1,-11.5,42.7713,16.7688,5,5,0,0,0
4,1L2Y,1,130.62,38.5863,25.4347,50,0,0,0,0
5,1L2Y,1,132.54,231.7475,18.3446,50,0,0,0,0
6,1L2Y,1,146.36,36.2592,17.2813,50,0,0,0,0
7,1L2Y,1,136.46,31.5986,20.4829,50,0,-0.0009,4.4636,8.1268
8,1L2Y,1,141.48,39.7165,19.4978,50,1,0,0,0
9,1L2Y,1,158.4,512.3185,11.1594,50,4,0,0,0
10,1L2Y,1,102.24,138.1245,18.8588,50,1,0,0,0
11,1L2Y,1,112.72,35.7997,23.6964,50,3,0,0,0
12,1L2Y,1,107.86,36.0084,16.684,50,0,-0.0037,4.9826,8.1268
13,1L2Y,1,126.52,394.5105,12.0963,50,1,0,0,0
14,1L2Y,1,93.14,248.003,17.2335,50,1,0,0,0
15,1L2Y,1,113.88,155.7942,22.6214,50,1,0,0,0
16,1L2Y,1,82.4,147.6781,15.4208,50,4,0,0,0
17,1L2Y,1,129.46,31.3647,7.5335,50,1,-0.005,3.9008,8.1267
18,1L2Y,1,89.6,39.1559,20.9179,50,1,0,0,0
19,1L2Y,1,82.84,212.875,14.2398,50,2,0,0,0
20,1L2Y,1,91.66,46.8754,21.2461,50,0,0,0,0
21,1L2Y,1,50.42,451.3184,18.4729,26,3,0,0,0
22,1L2Y,1,167.86,29.3928,18.851,50,2,-0.009,4.0026,8.1263
23,1L2Y,1,114.32,41.6239,21.067,50,0,0,0,0
24,1L2Y,1,119.14,34.7588,17.7169,50,0,0,0,0
25,1L2Y,1,154.68,29.8444,11.0943,50,0,0,0,0
26,1L2Y,1,150.38,34.1301,12.0764,50,3,0,0,0
27,1L2Y,1,157.34,42.0438,15.1298,50,0,-0.0098,4.1598,8.1258
28,1L2Y,1,141.88,138.7714,24.0399,50,2,0,0,0
29,1L2Y,1,113.26,39.7986,16.034,50,0,0,0,0
30,1L2Y,1,119.6,32.9313,20.0079,50,0,0,0,0
31,1L2Y,1,142.38,288.241,16.888,50,0,0,0,0
32,1L2Y,1,121.74,37.8173,13.8638,50,0,0,0,0
33,1L2Y,1,146.72,54.4145,27.3228,50,0,-0.0042,5.0995,8.1255
34,1L2Y,1,125.84,36.7788,14.2335,50,0,0,0,0
35,1L2Y,1,91.06,39.8978,11.2498,50,2,0,0,0
36,1L2Y,1,110.52,333.7335,10.5136,50,1,0,0,0
37,1L2Y,1,-11.84,42.23,14.0348,6,5,0,0,0
38,1L2Y,1,126.74,33.6836,18.1155,50,1,0,0,0
39,1L2Y,1,118.64,27.433,17.5021,50,0,0.0014,6.3714,8.1254
40,1L2Y,1,140.84,249.6961,16.0046,50,0,0,0,0
41,1L2Y,1,104.36,53.4114,14.1218,50,1,0,0,0
42,1L2Y,1,93.24,44.0204,15.9011,50,2,0,0,0
43,1L2Y,1,142.66,32.5765,17.921,50,0,0,0,0
44,1L2Y,1,136.84,31.4857,20.2206,50,0,-0.0039,4.998,8.126
45,1L2Y,1,79.46,60.2734,17.4338,50,2,0,0,0
46,1L2Y,1,96.94,80.4474,13.483,50,2,0,0,0
47,1L2Y,1,132.86,60.8108,9.796,50,0,0,0,0
48,1L2Y,1,169.28,95.267,17.7044,50,2,0,0,0
49,1L2Y,1,101.14,40.5836,15.7585,50,1,0.0023,7.4279,8.1258
50,1L2Y,1,132.48,28.9273,19.8833,50,2,0,0,0
51,1L2Y,1,20.08,346.5504,12.1355,24,5,0,0,0
52,1L2Y,1,130.9,33.435,10.3966,50,2,0,0,0
53,1L2Y,1,101.7,30.6564,12.4094,50,3,0,0,0
54,1L2Y,1,144.0,37.1667,20.4023,50,0,-0.0091,7.399,8.1257
55,1L2Y,1,111.2,40.3055,23.8003,50,2,0,0,0
56,1L2Y,1,118.92,110.3698,16.8513,50,0,0,0,0
57,1L2Y,1,119.56,47.2351,20.9922,50,1,0,0,0
58,1L2Y,1,149.98,48.3731,11.1735,50,1,0,0,0
59,1L2Y,1,131.36,36.1083,9.0834,50,1,0,0,0
60,1L2Y,1,125.22,197.1665,16.645,50,1,-0.0035,6.9995,8.1259
61,1L2Y,1,85.98,35.8665,20.8057,50,4,0,0,0
62,1L2Y,1,168.02,43.3054,15.0594,50,1,0,0,0
63,1L2Y,1,4.42,39.3504,10.4041,7,1,0,0,0
64,1L2Y,1,107.88,36.0719,19.0481,50,0,0,0,0
65,1L2Y,1,117.08,126.5984,8.4316,50,2,0,0,0
66,1L2Y,1,99.42,38.7861,7.0953,50,1,-0.0003,4.5298,8.126
67,1L2Y,1,100.64,685.1616,14.3182,50,3,0,0,0
68,1L2Y,1,106.66,30.3648,18.0176,50,0,0,0,0
69,1L2Y,1,128.32,335.8706,14.4554,50,1,0,0,0
70,1L2Y,1,144.52,38.4023,11.1343,50,1,0,0,0
71,1L2Y,1,112.26,37.9969,18.1014,50,2,0.0063,4.2157,8.1262
72,1L2Y,1,138.08,29.9502,23.3373,50,0,0,0,0
73,1L2Y,1,138.16,131.0566,18.8009,50,1,0,0,0
74,1L2Y,1,73.26,405.1287,18.4479,50,2,0,0,0
75,1L2Y,1,127.12,38.626,21.6561,50,0,0,0,0
76,1L2Y,1,118.26,48.1781,19.1371,50,0,0.0017,6.9987,8.1266
77,1L2Y,1,134.4,36.5097,24.4777,50,1,0,0,0
78,1L2Y,1,120.58,131.2791,19.7229,50,1,0,0,0
79,1L2Y,1,116.26,34.3854,26.2467,50,3,0,0,0
80,1L2Y,1,119.88,31.1194,10.1145,50,1,0,0,0
81,1L2Y,1,116.68,35.2952,22.9767,50,0,-0.0003,3.9349,8.1268
82,1L2Y,1,112.5,32.3923,13.8627,50,3,0,0,0
83,1L2Y,1,124.94,32.5622,24.8818,50,2,0,0,0
84,1L2Y,1,111.98,275.7083,16.4055,50,2,0,0,0
85,1L2Y,1,86.46,143.1754,16.3935,50,0,0,0,0
86,1L2Y,1,115.04,32.4291,19.7204,50,1,-0.0014,5.9347,8.1268
87,1L2Y,1,89.26,73.9114,15.2058,50,1,0,0,0
88,1L2Y,1,100.1,36.8003,18.3584,50,1,0,0,0
89,1L2Y,1,73.54,543.0626,13.8011,50,2,0,0,0
90,1L2Y,1,112.64,33.066,13.9787,50,0,0,0,0
91,1L2Y,1,138.66,36.0235,22.937,50,2,-0.0026,5.7663,8.1267
92,1L2Y,1,146.12,46.1931,12.2798,50,1,0,0,0
93,1L2Y,1,98.4,46.5027,16.6465,50,1,0,0,0
94,1L2Y,1,103.76,256.2407,15.2841,50,0,0,0,0
95,1L2Y,1,113.12,49.2625,22.795,50,1,0,0,0
96,1L2Y,1,116.0,35.2234,13.7994,50,2,-0.0009,4.948,8.1266
97,1L2Y,1,102.64,234.5766,9.2732,50,2,0,0,0
98,1L2Y,1,155.22,37.8981,24.5779,50,0,0,0,0
99,1L2Y,1,126.3,115.6724,9.1393,50,2,0,0,0
100,1L2Y,1,127.8,35.7403,25.7246,50,0,0,0,0
101,1L2Y,1,120.28,136.8654,10.2677,50,1,-0.0061,5.3171,8.1265
102,1L2Y,1,146.5,30.2586,18.3769,50,0,0,0,0
103,1L2Y,1,99.22,35.6316,18.6661,50,1,0,0,0
104,1L2Y,1,160.58,33.9064,12.5286,50,3,0,0,0
105,1L2Y,1,21.46,150.0235,9.2554,28,5,0,0,0
106,1L2Y,1,106.94,46.1992,18.0759,50,0,0,0,0
107,1L2Y,1,122.48,347.9654,13.8825,50,0,-0.0068,5.5617,8.1262
108,1L2Y,1,181.0,35.2752,15.0404,50,1,0,0,0
109,1L2Y,1,97.42,29.7619,16.4751,50,0,0,0,0
110,1L2Y,1,128.18,48.4562,19.3559,50,1,0,0,0
111,1L2Y,1,142.64,38.0578,16.8497,50,0,0,0,0
112,1L2Y,1,122.3,44.5416,15.1333,50,1,-0.0116,7.4931,8.1258
113,1L2Y,1,133.78,31.4879,13.8318,50,0,0,0,0
114,1L2Y,1,87.02,42.9861,14.4982,50,1,0,0,0
115,1L2Y,1,135.34,55.1676,12.1022,50,0,0,0,0
116,1L2Y,1,143.5,27.5993,10.72,50,0,0,0,0
117,1L2Y,1,174.12,24.9144,12.8199,50,0,-0.0044,6.4627,8.1257
118,1L2Y,1,107.36,46.9173,21.5892,50,1,0,0,0
119,1L2Y,1,97.82,38.1496,23.3642,50,1,0,0,0
120,1L2Y,1,91.34,375.5733,9.2259,50,2,0,0,0
121,1L2Y,1,144.54,30.5995,18.8205,50,2,0,0,0
122,1L2Y,1,140.18,38.7575,17.852,50,1,-0.0072,6.869,8.1255
123,1L2Y,1,98.46,37.0387,11.0784,50,0,0,0,0
124,1L2Y,1,7.28,145.1558,10.3316,8,4,0,0,0
125,1L2Y,1,111.86,33.5618,17.477,50,1,0,0,0
126,1L2Y,1,134.1,32.9906,16.4973,50,2,0,0,0
127,1L2Y,1,-11.5,35.7379,26.0587,5,5,0,0,0
128,1L2Y,1,138.98,134.2901,19.7663,50,0,0,0,0
129,1L2Y,1,62.74,40.3856,26.9305,38,5,-0.0123,3.3836,8.1254
130,1L2Y,1,117.34,308.9154,14.451,50,1,0,0,0
131,1L2Y,1,135.04,32.899,21.1089,50,0,0,0,0
132,1L2Y,1,88.32,198.2768,12.4795,50,4,0,0,0
133,1L2Y,1,82.96,39.0706,16.3459,50,0,0,0,0
134,1L2Y,1,129.94,36.5886,7.449,50,2,0,0,0
135,1L2Y,1,122.18,27.0517,14.749,50,0,-0.0101,8.5018,8.1252
136,1L2Y,1,-11.5,45.7657,16.919,5,5,0,0,0
137,1L2Y,1,118.96,51.1993,18.6784,50,0,0,0,0
138,1L2Y,1,89.46,29.8779,22.0177,50,0,0,0,0
139,1L2Y,1,102.14,44.4115,13.9549,50,1,0,0,0
140,1L2Y,1,193.92,33.9,17.4922,50,0,0,0,0
141,1L2Y,1,-10.68,31.9576,12.9276,8,4,0.0057,10.681,8.1253
142,1L2Y,1,102.3,38.0508,20.2207,50,3,0,0,0
143,1L2Y,1,118.2,41.6015,16.7394,50,2,0,0,0
144,1L2Y,1,132.92,36.2765,16.639,50,1,0,0,0
145,1L2Y,1,141.44,34.3958,13.0957,50,3,0,0,0
146,1L2Y,1,113.46,169.4949,19.3231,50,1,0,0,0
147,1L2Y,1,93.88,55.2963,13.6422,50,2,0.0091,5.8478,8.1255
148,1L2Y,1,7.2,47.3012,12.8465,9,4,0,0,0
149,1L2Y,1,160.56,42.1106,20.3189,50,2,0,0,0
150,1L2Y,1,107.42,150.8043,24.1446,50,3,0,0,0
151,1L2Y,1,74.14,521.4531,11.712,50,0,0,0,0
152,1L2Y,1,94.04,354.7287,13.8618,50,0,-0.0114,8.9033,8.1257
153,1L2Y,1,140.88,42.5678,21.5875,50,1,0,0,0
154,1L2Y,1,142.68,33.6645,12.4172,50,0,0,0,0
155,1L2Y,1,124.74,42.3998,17.2216,50,0,0,0,0
156,1L2Y,1,82.3,35.616,16.2859,50,3,0,0,0
157,1L2Y,1,104.7,38.9138,11.3174,50,3,0,0,0
158,1L2Y,1,108.96,36.0449,20.0901,50,0,-0.0109,5.8912,8.1257
159,1L2Y,1,80.56,218.1469,20.5899,50,1,0,0,0
160,1L2Y,1,109.3,30.1238,19.8733,50,2,0,0,0
161,1L2Y,1,93.9,40.0537,16.2084,50,1,0,0,0
162,1L2Y,1,119.14,41.5663,15.3037,50,2,0,0,0
163,1L2Y,1,115.78,43.3849,13.693,50,0,-0.0047,4.7541,8.1257
164,1L2Y,1,142.8,29.7266,13.9798,50,3,0,0,0
165,1L2Y,1,146.54,47.6589,18.4354,50,0,0,0,0
166,1L2Y,1,98.16,47.3865,28.652,50,0,0,0,0
167,1L2Y,1,97.66,29.3402,20.4437,50,1,0,0,0
168,1L2Y,1,134.14,27.7582,17.0169,50,1,0.0017,6.5379,8.1257
169,1L2Y,1,16.22,84.3817,11.2877,11,5,0,0,0
170,1L2Y,1,-11.9,38.0314,14.5598,6,5,0,0,0
171,1L2Y,1,127.98,33.4624,18.5624,50,3,0,0,0
172,1L2Y,1,134.14,431.4514,17.0066,50,3,0,0,0
173,1L2Y,1,127.02,44.0778,20.9567,50,1,0,0,0
174,1L2Y,1,132.9,140.4025,17.5086,50,2,0,0,0
175,1L2Y,1,115.0,319.2588,13.7179,50,1,-0.0021,3.5408,8.1258
176,1L2Y,1,118.74,102.8346,12.2515,50,2,0,0,0
177,1L2Y,1,145.1,26.468,16.07,50,1,0,0,0
178,1L2Y,1,145.2,31.1712,20.0987,50,2,0,0,0
179,1L2Y,1,150.72,30.768,26.1545,50,1,0,0,0
180,1L2Y,1,128.24,129.512,19.4899,50,0,-0.0031,4.8486,8.1259
181,1L2Y,1,145.24,163.0201,11.0181,50,2,0,0,0
182,1L2Y,1,128.3,44.6657,13.9796,50,3,0,0,0
183,1L2Y,1,120.2,33.9936,22.2902,50,2,0,0,0
184,1L2Y,1,87.1,234.0833,18.2232,50,3,0,0,0
185,1L2Y,1,101.1,44.087,16.7877,50,0,-0.0084,6.4085,8.1259
186,1L2Y,1,69.26,246.9471,15.4703,33,3,0,0,0
187,1L2Y,1,1.72,28.4322,11.3257,7,4,0,0,0
188,1L2Y,1,127.28,34.8809,18.3801,50,0,0,0,0
189,1L2Y,1,103.92,39.346,18.2154,50,0,0,0,0
190,1L2Y,1,108.64,39.6478,18.2494,50,1,0,0,0
191,1L2Y,1,118.3,39.1778,14.4495,50,3,-0.0136,2.8294,8.1258
192,1L2Y,1,155.18,35.63,9.3444,50,1,0,0,0
193,1L2Y,1,122.44,28.1148,26.2728,50,0,0,0,0
194,1L2Y,1,118.58,29.748,17.469,50,2,0,0,0
195,1L2Y,1,91.66,47.3167,11.8807,50,2,0,0,0
196,1L2Y,1,110.1,41.4875,17.6822,50,1,-0.0123,4.9154,8.1256
197,1L2Y,1,140.9,39.3214,20.8432,50,3,0,0,0
198,1L2Y,1,-11.5,20.9063,10.5778,5,5,0,0,0
199,1L2Y,1,102.04,95.9896,22.0919,50,3,0,0,0
200,1L2Y,1,82.12,42.9227,20.1428,50,1,0,0,0
201,1L2Y,1,109.94,41.0598,18.4779,50,0,0,0,0
202,1L2Y,1,130.62,40.4901,16.2424,50,3,-0.0001,4.6504,8.1254
203,1L2Y,1,106.16,33.2201,14.6508,50,2,0,0,0
204,1L2Y,1,99.18,47.4528,13.174,50,1,0,0,0
205,1L2Y,1,139.3,32.1814,15.3686,50,0,0,0,0
206,1L2Y,1,178.98,29.8312,12.6913,50,0,0,0,0
207,1L2Y,1,104.34,40.4278,18.7667,50,0,0.0082,5.9124,8.1254
208,1L2Y,1,110.68,132.1901,18.7653,50,3,0,0,0
209,1L2Y,1,99.38,285.2661,17.5451,50,1,0,0,0
210,1L2Y,1,126.2,194.4497,14.1364,50,1,0,0,0
211,1L2Y,1,165.98,32.271,19.8049,50,1,0,0,0
212,1L2Y,1,126.22,166.0275,14.2913,50,1,0,0,0
213,1L2Y,1,111.94,38.9575,22.4376,50,1,-0.0126,6.1681,8.1255
214,1L2Y,1,-11.9,56.9408,18.0201,6,5,0,0,0
215,1L2Y,1,143.94,242.1207,19.6851,50,1,0,0,0
216,1L2Y,1,-13.06,138.4442,17.3201,9,5,0,0,0
217,1L2Y,1,125.04,28.3745,16.3176,50,0,0,0,0
218,1L2Y,1,100.86,48.6043,15.7385,50,0,0,0,0
219,1L2Y,1,95.4,36.5767,16.6672,50,0,-0.0159,5.9678,8.1255
220,1L2Y,1,146.84,33.2037,23.9098,50,0,0,0,0
221,1L2Y,1,88.1,34.1728,17.2211,50,2,0,0,0
222,1L2Y,1,128.24,37.7956,19.8359,50,0,0,0,0
223,1L2Y,1,109.94,38.6234,26.4524,50,0,0,0,0
224,1L2Y,1,152.88,32.239,29.5598,50,0,0.0061,4.6014,8.1253
225,1L2Y,1,127.6,25.9066,14.5599,50,0,0,0,0
226,1L2Y,1,107.24,44.4916,20.2585,50,2,0,0,0
227,1L2Y,1,112.26,39.7642,15.5908,50,2,0,0,0
228,1L2Y,1,112.38,33.5385,19.3852,50,2,0,0,0
229,1L2Y,1,103.68,46.0219,22.3473,50,0,0,0,0
230,1L2Y,1,97.6,26.7743,22.9552,50,2,0.0016,3.9419,8.1251
231,1L2Y,1,147.2,271.7367,18.8974,50,2,0,0,0
232,1L2Y,1,150.8,31.9045,26.7226,50,1,0,0,0
233,1L2Y,1,95.58,37.2559,14.4731,50,0,0,0,0
234,1L2Y,1,94.3,132.3275,18.0256,50,1,0,0,0
235,1L2Y,1,122.86,40.5747,28.8159,50,0,-0.0138,7.1687,8.125
236,1L2Y,1,157.4,29.6187,15.0872,50,1,0,0,0
237,1L2Y,1,129.42,34.0749,16.141,50,1,0,0,0
238,1L2Y,1,123.08,247.0718,10.6806,50,0,0,0,0
239,1L2Y,1,-5.04,32.1477,13.316,6,3,0,0,0
240,1L2Y,1,133.06,116.3802,12.4655,50,1,0,0,0
241,1L2Y,1,131.72,31.179,15.4709,50,3,-0.0031,4.9606,8.1249
242,1L2Y,1,91.9,42.4065,14.9529,50,2,0,0,0
243,1L2Y,1,117.72,159.8859,13.9201,50,2,0,0,0
244,1L2Y,1,124.0,33.625,13.8485,50,0,0,0,0
245,1L2Y,1,109.3,180.644,13.4185,50,3,0,0,0
246,1L2Y,1,94.88,40.2947,16.2252,50,3,0.0044,6.2135,8.1247
247,1L2Y,1,77.14,606.6222,15.512,44,5,0,0,0
248,1L2Y,1,41.9,192.2853,9.5495,29,5,0,0,0
249,1L2Y,1,89.42,40.2874,14.3165,50,0,0,0,0
250,1L2Y,1,132.18,43.4644,19.7254,50,1,0,0,0
251,1L2Y,1,152.46,33.9921,14.7303,50,1,0,0,0
252,1L2Y,1,73.14,32.4085,19.8752,50,4,-0.0046,8.2626,8.1247
253,1L2Y,1,104.02,43.9049,19.9546,50,0,0,0,0
254,1L2Y,1,82.8,251.1494,16.191,50,1,0,0,0
255,1L2Y,1,111.44,35.0194,19.8958,50,1,0,0,0
256,1L2Y,1,167.4,38.629,20.2624,50,0,0,0,0
257,1L2Y,1,114.46,42.8208,22.0762,50,1,-0.0182,7.4021,8.1246
258,1L2Y,1,91.04,57.8561,13.3691,50,2,0,0,0
259,1L2Y,1,140.94,374.4581,16.9569,50,3,0,0,0
260,1L2Y,1,126.4,56.696,10.8401,50,4,0,0,0
261,1L2Y,1,82.82,49.5394,24.1395,50,0,0,0,0
262,1L2Y,1,157.34,234.8157,17.3187,50,0,0.0131,6.5187,8.1244
263,1L2Y,1,87.28,37.5736,21.7201,50,1,0,0,0
264,1L2Y,1,124.84,256.6634,10.6634,50,0,0,0,0
265,1L2Y,1,108.36,46.4034,25.2215,50,1,0,0,0
266,1L2Y,1,119.36,29.6463,10.6901,50,0,0,0,0
267,1L2Y,1,120.9,31.6305,11.8159,50,2,0.0088,4.0274,8.1233
268,1L2Y,1,131.68,74.3285,23.6029,50,0,0,0,0
269,1L2Y,1,123.22,337.6137,13.0338,50,1,0,0,0
270,1L2Y,1,108.12,284.0201,9.3896,50,0,0,0,0
271,1L2Y,1,142.36,35.971,13.7225,50,0,0,0,0
272,1L2Y,1,129.14,35.8484,15.0728,50,1,0.0102,6.7457,8.1244
273,1L2Y,1,124.68,35.7314,21.8235,50,3,0,0,0
274,1L2Y,1,103.66,42.2961,17.2463,50,0,0,0,0
275,1L2Y,1,177.74,31.4302,17.9972,50,0,0,0,0
276,1L2Y,1,21.82,740.9272,10.3437,27,5,0,0,0
277,1L2Y,1,92.46,424.7275,14.586,50,0,0,0,0
278,1L2Y,1,92.1,49.3268,15.4391,50,1,-0.0038,10.9641,8.1233
279,1L2Y,1,-11.5,39.4446,11.2031,5,5,0,0,0
280,1L2Y,1,12.16,30.2797,8.7909,6,5,0,0,0
281,1L2Y,1,118.66,234.5905,24.1475,50,2,0,0,0
282,1L2Y,1,133.12,36.4541,18.0589,50,2,0,0,0
283,1L2Y,1,125.92,32.7337,25.2549,50,3,0,0,0
284,1L2Y,1,128.62,137.6191,15.9193,50,1,0.0131,3.6076,8.1224
285,1L2Y,1,98.3,36.4507,19.8277,50,0,0,0,0
286,1L2Y,1,118.56,21.5022,20.4421,50,0,0,0,0
287,1L2Y,1,94.02,283.124,16.6731,50,2,0,0,0
288,1L2Y,1,134.98,33.7596,13.9965,50,1,0,0,0
289,1L2Y,1,88.9,38.3498,16.1351,50,0,0,0,0
290,1L2Y,1,81.8,89.4807,21.1099,50,0,0.0234,4.8272,8.1224
291,1L2Y,1,-0.88,41.0454,22.091,6,4,0,0,0
292,1L2Y,1,112.88,362.7355,9.2453,50,1,0,0,0
293,1L2Y,1,152.9,30.8776,18.1375,50,0,0,0,0
294,1L2Y,1,158.04,41.3603,16.6089,50,0,0,0,0
295,1L2Y,1,153.3,41.6947,8.9744,50,0,0,0,0
296,1L2Y,1,98.56,44.5095,13.7219,50,1,0.0219,6.2245,8.1234
297,1L2Y,1,146.16,139.2501,11.6849,50,0,0,0,0
298,1L2Y,1,-4.22,35.7668,14.6222,7,4,0,0,0
299,1L2Y,1,147.54,25.2195,17.2599,50,1,0,0,0
300,1L2Y,1,99.24,42.3455,11.2703,50,4,0,0,0
301,1L2Y,1,149.22,44.5722,14.0056,50,0,0,0,0
302,1L2Y,1,118.48,266.5326,11.0715,50,2,0.0207,7.9626,8.1221
303,1L2Y,1,85.84,557.2401,15.3761,50,3,0,0,0
304,1L2Y,1,155.42,42.5691,15.5509,50,0,0,0,0
305,1L2Y,1,113.52,358.8074,13.3907,50,1,0,0,0
306,1L2Y,1,95.26,35.9526,18.5264,40,5,0,0,0
307,1L2Y,1,155.84,23.6055,26.208,50,0,0.0277,4.8857,8.1208
308,1L2Y,1,144.74,39.0681,21.6434,50,2,0,0,0
309,1L2Y,1,85.58,43.0525,14.7524,50,0,0,0,0
310,1L2Y,1,123.44,76.7434,17.9396,50,1,0,0,0
311,1L2Y,1,119.22,130.8902,16.1041,50,1,0,0,0
312,1L2Y,1,89.98,27.5088,17.4879,50,1,0.0885,6.5445,8.1227
313,1L2Y,1,99.54,370.8906,18.265,50,1,0,0,0
314,1L2Y,1,86.26,38.2177,21.3614,50,3,0,0,0
315,1L2Y,1,139.9,38.1859,11.778,50,0,0,0,0
316,1L2Y,1,46.06,493.4721,12.1016,27,5,0,0,0
317,1L2Y,1,90.88,36.7086,14.4781,50,0,0,0,0
318,1L2Y,1,105.3,323.1365,16.0975,50,1,0.0065,4.1836,8.1239
319,1L2Y,1,130.82,34.926,17.1799,50,0,0,0,0
320,1L2Y,1,109.14,49.6666,11.4772,50,2,0,0,0
321,1L2Y,1,103.84,38.8813,22.8547,50,0,0,0,0
322,1L2Y,1,93.1,140.447,13.3305,50,1,0,0,0
323,1L2Y,1,158.04,36.1152,16.5812,50,2,-0.0071,6.3362,8.1253
324,1L2Y,1,113.86,29.791,19.6757,50,0,0,0,0
325,1L2Y,1,122.98,32.9267,11.3081,50,1,0,0,0
326,1L2Y,1,107.62,37.6065,20.7409,50,2,0,0,0
327,1L2Y,1,98.48,42.1791,13.7868,50,2,0,0,0
328,1L2Y,1,153.0,296.2861,16.4828,50,0,-0.0099,5.7338,8.125
329,1L2Y,1,97.56,135.9251,14.2704,50,2,0,0,0
330,1L2Y,1,154.96,32.2891,15.1132,50,2,0,0,0
331,1L2Y,1,102.7,236.735,15.5884,50,2,0,0,0
332,1L2Y,1,96.62,39.8473,14.8483,50,2,0,0,0
333,1L2Y,1,146.9,64.4568,14.7371,50,3,-0.0151,5.1585,8.125
334,1L2Y,1,112.28,31.3264,12.1466,50,1,0,0,0
335,1L2Y,1,160.58,31.2855,22.315,50,2,0,0,0
336,1L2Y,1,152.22,35.3871,13.0679,50,0,0,0,0
337,1L2Y,1,119.98,42.2377,15.3858,50,0,0,0,0
338,1L2Y,1,-7.0,203.8317,12.675,6,4,0,0,0
339,1L2Y,1,115.86,40.8869,15.3614,50,1,0.0045,3.1336,8.1251
340,1L2Y,1,106.64,45.4392,15.9143,50,0,0,0,0
341,1L2Y,1,106.12,46.3388,13.002,50,2,0,0,0
342,1L2Y,1,82.32,282.6116,10.7749,48,5,0,0,0
343,1L2Y,1,11.72,247.2832,10.8622,16,5,0,0,0
344,1L2Y,1,113.8,27.2246,15.5668,50,2,0,0,0
345,1L2Y,1,109.58,42.5266,18.2827,50,3,-0.01,4.1858,8.1252
346,1L2Y,1,137.32,36.7014,18.8366,50,0,0,0,0
347,1L2Y,1,138.34,30.9285,15.9195,50,1,0,0,0
348,1L2Y,1,135.6,103.1283,9.4731,50,1,0,0,0
349,1L2Y,1,89.8,81.0826,16.3713,50,3,0,0,0
350,1L2Y,1,136.92,36.2276,16.7524,50,0,-0.0241,5.3124,8.1254
351,1L2Y,1,113.72,35.5513,15.3664,50,1,0,0,0
352,1L2Y,1,112.9,46.6005,18.053,50,0,0,0,0
353,1L2Y,1,125.98,32.0714,18.4436,50,1,0,0,0
354,1L2Y,1,151.82,34.9928,12.1918,50,0,0,0,0
355,1L2Y,1,151.98,40.4289,23.2852,50,0,0.0013,3.881,8.1252
356,1L2Y,1,125.32,106.4576,21.4016,50,0,0,0,0
357,1L2Y,1,103.42,128.4789,17.2704,50,4,0,0,0
358,1L2Y,1,94.68,45.33,18.5496,50,0,0,0,0
359,1L2Y,1,109.18,34.9181,18.5996,50,0,0,0,0
360,1L2Y,1,93.6,172.3181,23.3122,50,1,-0.0136,3.5247,8.1252
361,1L2Y,1,130.3,47.4673,12.0367,50,0,0,0,0
362,1L2Y,1,120.5,104.537,8.7601,50,1,0,0,0
363,1L2Y,1,120.3,26.5091,18.046,50,0,0,0,0
364,1L2Y,1,114.98,34.4904,26.858,50,0,0,0,0
365,1L2Y,1,104.3,41.4445,19.3232,50,3,-0.011,4.5791,8.1249
366,1L2Y,1,134.08,48.9125,11.3979,50,0,0,0,0
367,1L2Y,1,90.38,130.0535,11.3199,50,3,0,0,0
368,1L2Y,1,124.16,105.2338,12.2621,50,4,0,0,0
369,1L2Y,1,110.56,41.6229,10.5362,50,3,0,0,0
370,1L2Y,1,89.52,54.8867,8.8504,50,3,-0.0103,3.9321,8.1248
371,1L2Y,1,56.28,49.7369,17.0637,50,1,0,0,0
372,1L2Y,1,119.18,34.9514,16.9776,50,0,0,0,0
373,1L2Y,1,108.82,40.8699,16.4048,50,2,0,0,0
374,1L2Y,1,99.74,146.3491,8.0198,50,2,0,0,0
375,1L2Y,1,68.7,671.8627,10.9153,46,5,0,0,0
376,1L2Y,1,121.26,35.6004,28.3277,50,1,0.0181,8.0654,8.1245
377,1L2Y,1,119.36,40.0049,9.6221,50,0,0,0,0
378,1L2Y,1,100.18,42.3874,24.5242,50,0,0,0,0
379,1L2Y,1,123.5,41.8031,17.7024,50,1,0,0,0
380,1L2Y,1,121.64,38.7563,22.4194,50,3,0,0,0
381,1L2Y,1,134.38,57.0604,18.5319,50,1,0.0085,4.0893,8.1246
382,1L2Y,1,74.98,89.1949,20.5644,50,0,0,0,0
383,1L2Y,1,72.02,128.8569,15.8556,31,5,0,0,0
384,1L2Y,1,115.84,39.4903,20.5661,50,2,0,0,0
385,1L2Y,1,87.38,603.3456,13.1616,50,4,0,0,0
386,1L2Y,1,70.36,157.3698,13.9127,26,5,0,0,0
387,1L2Y,1,125.1,33.9029,19.1034,50,0,-0.0006,5.4189,8.1248
388,1L2Y,1,164.66,304.9832,15.7113,50,0,0,0,0
389,1L2Y,1,149.54,29.8926,19.7128,50,4,0,0,0
390,1L2Y,1,104.58,37.3048,13.5635,50,4,0,0,0
391,1L2Y,1,146.7,33.429,15.1354,50,0,0,0,0
392,1L2Y,1,158.74,327.1504,14.2081,50,0,-0.0137,5.6442,8.125
393,1L2Y,1,129.2,84.3855,17.8008,50,0,0,0,0
394,1L2Y,1,113.96,140.0602,16.102,50,0,0,0,0
395,1L2Y,1,128.08,32.7457,19.2936,50,0,0,0,0
396,1L2Y,1,117.12,34.3917,20.0917,50,0,0,0,0
397,1L2Y,1,119.16,31.6509,19.5485,50,3,0.01,4.3643,8.1245
398,1L2Y,1,99.26,197.8476,14.032,50,2,0,0,0
399,1L2Y,1,177.36,35.4395,25.3538,50,1,0,0,0
400,1L2Y,1,165.66,33.0723,28.3898,50,1,0,0,0
401,1L2Y,1,94.92,29.1335,21.5679,50,0,0,0,0
402,1L2Y,1,131.58,37.8554,16.4041,50,0,0.0083,6.0633,8.1237
403,1L2Y,1,80.56,244.0888,14.1183,50,0,0,0,0
404,1L2Y,1,136.2,32.7625,16.9645,50,1,0,0,0
405,1L2Y,1,131.0,25.1296,21.7308,50,0,0,0,0
406,1L2Y,1,101.62,39.2825,16.12,50,1,0,0,0
407,1L2Y,1,-11.5,38.6261,11.9844,5,5,0,0,0
408,1L2Y,1,151.58,41.2235,21.0877,50,3,0.0049,4.3627,8.1241
409,1L2Y,1,144.42,39.508,11.7058,50,0,0,0,0
410,1L2Y,1,95.32,40.2928,20.8633,50,1,0,0,0
411,1L2Y,1,120.08,38.7087,17.7991,50,1,0,0,0
412,1L2Y,1,67.48,35.6094,18.6259,50,4,0,0,0
413,1L2Y,1,107.88,31.1849,18.3915,50,0,-0.0131,6.2655,8.1253
414,1L2Y,1,135.56,51.3202,8.8276,50,1,0,0,0
415,1L2Y,1,40.16,230.5532,13.1776,17,1,0,0,0
416,1L2Y,1,97.96,41.5731,12.1697,50,0,0,0,0
417,1L2Y,1,143.16,36.866,24.0567,50,0,0,0,0
418,1L2Y,1,95.18,41.6638,12.2101,50,3,0,0,0
419,1L2Y,1,138.98,272.9652,13.6757,50,2,-0.0102,3.988,8.1254
420,1L2Y,1,95.16,40.2688,14.5107,50,0,0,0,0
421,1L2Y,1,108.2,32.9001,18.5758,50,4,0,0,0
422,1L2Y,1,90.24,284.1028,8.3773,50,1,0,0,0
423,1L2Y,1,160.56,55.2543,16.3586,50,0,0,0,0
424,1L2Y,1,149.86,63.9086,11.932,50,4,-0.0065,8.1662,8.1249
425,1L2Y,1,131.94,31.0506,16.4499,50,1,0,0,0
426,1L2Y,1,147.12,36.9008,16.3074,50,0,0,0,0
427,1L2Y,1,111.68,31.135,15.8083,50,1,0,0,0
428,1L2Y,1,91.54,32.924,21.8282,50,2,0,0,0
429,1L2Y,1,103.12,36.3925,13.7015,50,2,0.0001,5.4628,8.1243
430,1L2Y,1,133.76,35.8726,22.618,50,0,0,0,0
431,1L2Y,1,113.9,36.3872,17.0543,50,0,0,0,0
432,1L2Y,1,114.0,24.4106,21.6173,50,4,0,0,0
433,1L2Y,1,-11.86,237.6659,12.4689,6,5,0,0,0
434,1L2Y,1,131.3,37.0429,21.6045,50,0,0,0,0
435,1L2Y,1,97.48,291.238,16.1651,50,2,0.001,3.9552,8.1243
436,1L2Y,1,102.98,35.2901,18.715,50,1,0,0,0
437,1L2Y,1,104.68,29.8501,21.0589,50,3,0,0,0
438,1L2Y,1,158.18,46.6029,24.5812,50,2,0,0,0
439,1L2Y,1,63.24,187.2148,12.6504,50,4,0,0,0
440,1L2Y,1,105.32,35.4951,22.2996,50,1,0.0231,7.7876,8.1231
441,1L2Y,1,113.08,44.4915,14.0606,50,0,0,0,0
442,1L2Y,1,109.62,313.4353,18.0617,50,0,0,0,0
443,1L2Y,1,103.0,47.6021,13.2605,50,0,0,0,0
444,1L2Y,1,150.0,39.8657,15.6464,50,1,0,0,0
445,1L2Y,1,98.44,248.9896,10.7982,50,1,-0.0019,5.9778,8.1244
446,1L2Y,1,153.14,138.4402,20.8747,50,1,0,0,0
447,1L2Y,1,138.7,37.9292,24.7416,50,1,0,0,0
448,1L2Y,1,122.48,40.5029,22.2901,50,0,0,0,0
449,1L2Y,1,90.32,252.5289,18.5081,50,2,0,0,0
450,1L2Y,1,100.4,31.9996,24.2406,50,2,0,0,0
451,1L2Y,1,101.08,54.4127,19.2769,50,0,-0.0028,4.3084,8.1246
452,1L2Y,1,151.88,38.0691,16.4303,50,0,0,0,0
453,1L2Y,1,146.52,32.5927,15.387,50,0,0,0,0
454,1L2Y,1,118.44,489.9649,14.9345,50,3,0,0,0
455,1L2Y,1,107.5,32.9006,18.7778,50,1,0,0,0
456,1L2Y,1,108.34,40.9207,16.6618,50,1,-0.0053,4.782,8.1247
457,1L2Y,1,-7.0,30.8271,15.2243,6,4,0,0,0
458,1L2Y,1,142.92,35.6961,15.1033,50,0,0,0,0
459,1L2Y,1,127.62,34.9523,25.3045,50,0,0,0,0
460,1L2Y,1,166.2,39.863,11.956,50,0,0,0,0
461,1L2Y,1,168.08,32.5458,22.6521,50,1,0,0,0
462,1L2Y,1,105.92,218.3109,18.7499,50,2,-0.0033,5.6289,8.1249
463,1L2Y,1,149.62,31.144,23.9591,50,1,0,0,0
464,1L2Y,1,103.02,44.3435,15.8865,50,2,0,0,0
465,1L2Y,1,104.68,46.801,17.4629,50,0,0,0,0
466,1L2Y,1,124.2,38.475,18.6503,50,1,0,0,0
467,1L2Y,1,118.14,35.9843,11.5477,50,1,0.0,4.3736,8.1249
468,1L2Y,1,92.66,275.5369,24.6388,50,3,0,0,0
469,1L2Y,1,132.6,34.3936,19.5709,50,2,0,0,0
470,1L2Y,1,93.38,34.9498,13.9775,50,0,0,0,0
471,1L2Y,1,134.46,34.2372,21.2865,50,0,0,0,0
472,1L2Y,1,159.22,33.143,15.6684,50,1,-0.0071,5.0053,8.125
473,1L2Y,1,-0.96,36.2621,22.0016,6,4,0,0,0
474,1L2Y,1,113.32,32.1441,18.6611,50,2,0,0,0
475,1L2Y,1,103.5,30.5712,13.2375,50,0,0,0,0
476,1L2Y,1,146.64,39.7075,19.8061,50,1,0,0,0
477,1L2Y,1,115.64,32.4932,19.1147,50,0,0,0,0
478,1L2Y,1,107.42,36.0985,19.4295,50,4,-0.0052,5.9863,8.1251
479,1L2Y,1,114.5,43.045,20.9339,50,1,0,0,0
480,1L2Y,1,141.16,33.8747,15.4429,50,1,0,0,0
481,1L2Y,1,119.98,38.4571,17.6262,50,1,0,0,0
482,1L2Y,1,118.64,32.3084,16.0087,50,0,0,0,0
483,1L2Y,1,117.44,37.8422,17.9194,50,1,0.001,4.0496,8.1256
484,1L2Y,1,-3.26,137.1387,25.809,7,5,0,0,0
485,1L2Y,1,127.06,94.302,9.5741,50,0,0,0,0
486,1L2Y,1,120.78,44.2701,10.6546,50,0,0,0,0
487,1L2Y,1,111.28,45.6539,13.9486,50,1,0,0,0
488,1L2Y,1,100.06,27.4919,21.0556,50,1,0,0,0
489,1L2Y,1,123.88,42.407,17.8658,50,4,-0.0279,3.6437,8.1255
490,1L2Y,1,119.74,32.4635,15.5574,50,1,0,0,0
491,1L2Y,1,124.78,17.0188,21.5652,50,1,0,0,0
492,1L2Y,1,99.02,41.4737,21.6536,50,1,0,0,0
493,1L2Y,1,122.34,48.0536,20.5519,50,1,0,0,0
494,1L2Y,1,126.26,83.7167,13.3652,50,1,-0.0145,3.1711,8.1253
495,1L2Y,1,-10.0,46.9031,12.907,6,4,0,0,0
496,1L2Y,1,127.0,34.4714,20.2695,50,3,0,0,0
497,1L2Y,1,110.06,32.6623,15.6696,50,0,0,0,0
498,1L2Y,1,129.32,163.2936,13.9394,50,0,0,0,0
499,1L2Y,1,7.66,25.0462,11.9049,7,4,0,0,0
500,1L2Y,1,106.98,39.3853,20.7549,50,0,0,0,0
501,1L2Y,1,83.78,49.7854,15.5834,50,1,-0.0017,6.9576,8.1252
502,1L2Y,1,163.04,34.0511,12.5275,50,0,0,0,0
503,1L2Y,1,-11.5,30.6654,9.9181,5,5,0,0,0
504,1L2Y,1,136.46,28.5385,27.207,50,1,0,0,0
505,1L2Y,1,128.4,53.5156,20.755,50,3,0,0,0
506,1L2Y,1,149.42,154.4761,22.4583,50,1,0,0,0
507,1L2Y,1,100.32,36.5193,29.2833,50,0,0.0009,5.9888,8.1249
508,1L2Y,1,153.8,32.0411,25.0902,50,1,0,0,0
509,1L2Y,1,132.16,399.841,6.2791,50,1,0,0,0
510,1L2Y,1,68.88,33.3311,20.2285,50,1,0,0,0
511,1L2Y,1,129.5,40.3645,11.9298,50,1,0,0,0
512,1L2Y,1,149.92,36.5605,31.0734,50,1,0.002,7.9959,8.1248
513,1L2Y,1,125.84,28.5248,18.3666,50,4,0,0,0
514,1L2Y,1,92.66,42.4166,15.9586,50,0,0,0,0
515,1L2Y,1,106.46,36.7968,20.0071,50,0,0,0,0
516,1L2Y,1,88.0,178.5409,15.5726,50,2,0,0,0
517,1L2Y,1,-11.5,37.419,14.774,5,5,0,0,0
518,1L2Y,1,81.02,34.6501,17.7593,50,3,-0.0163,5.7068,8.1246
519,1L2Y,1,146.72,38.811,23.9729,50,0,0,0,0
520,1L2Y,1,128.68,691.2068,9.307,50,1,0,0,0
521,1L2Y,1,101.38,32.6254,15.2562,50,1,0,0,0
522,1L2Y,1,162.62,38.7768,27.2988,50,0,0,0,0
523,1L2Y,1,136.64,28.0115,22.2734,50,1,-0.0017,5.5513,8.1245
524,1L2Y,1,74.06,45.3651,10.8989,50,1,0,0,0
525,1L2Y,1,155.54,35.175,17.6728,50,1,0,0,0
526,1L2Y,1,50.54,35.064,25.6931,38,5,0,0,0
527,1L2Y,1,111.7,38.3212,20.1207,50,1,0,0,0
528,1L2Y,1,119.74,41.1764,17.6048,50,2,0,0,0
529,1L2Y,1,82.46,55.5875,20.319,50,3,-0.0159,6.985,8.1248
530,1L2Y,1,-1.8,236.3621,11.5035,8,4,0,0,0
531,1L2Y,1,134.36,138.6011,15.0651,50,0,0,0,0
532,1L2Y,1,152.44,30.9187,25.1763,50,0,0,0,0
533,1L2Y,1,120.96,34.9644,21.7802,50,1,0,0,0
534,1L2Y,1,83.1,44.5162,23.029,50,1,0,0,0
535,1L2Y,1,128.12,39.6831,13.5257,50,2,0.0028,6.6588,8.1247
536,1L2Y,1,120.64,231.798,16.7184,50,2,0,0,0
537,1L2Y,1,147.46,36.7809,17.5121,50,2,0,0,0
538,1L2Y,1,143.48,115.2959,18.5816,50,3,0,0,0
539,1L2Y,1,107.4,183.1807,18.2519,50,0,0,0,0
540,1L2Y,1,117.04,36.6739,15.0681,50,1,-0.0014,6.4903,8.1249
541,1L2Y,1,119.6,41.9233,18.3967,50,0,0,0,0
542,1L2Y,1,88.44,167.8753,15.4074,50,3,0,0,0
543,1L2Y,1,-2.1,137.6903,14.2384,9,4,0,0,0
544,1L2Y,1,18.34,885.4695,12.3947,11,4,0,0,0
545,1L2Y,1,149.08,35.9172,13.6216,50,0,0,0,0
546,1L2Y,1,107.3,242.1198,14.9943,50,1,-0.0017,5.2126,8.1249
547,1L2Y,1,141.88,33.4527,16.6997,50,2,0,0,0
548,1L2Y,1,91.2,38.9402,19.7907,50,2,0,0,0
549,1L2Y,1,143.8,42.8659,17.9027,50,1,0,0,0
550,1L2Y,1,100.24,42.557,25.6301,50,0,0,0,0
551,1L2Y,1,110.38,33.0523,16.3979,50,1,0,0,0
552,1L2Y,1,91.86,37.2915,24.0321,50,0,0.0066,4.7539,8.1248
553,1L2Y,1,62.06,45.1181,10.8734,50,3,0,0,0
554,1L2Y,1,91.1,251.5295,13.8925,50,1,0,0,0
555,1L2Y,1,98.24,222.5174,18.609,50,1,0,0,0
556,1L2Y,1,119.34,45.5285,22.6445,50,1,0,0,0
557,1L2Y,1,114.16,38.7384,19.3682,50,0,0.0125,5.9067,8.1246
558,1L2Y,1,124.14,31.8455,16.4264,50,1,0,0,0
559,1L2Y,1,114.18,38.6107,12.8429,50,1,0,0,0
560,1L2Y,1,81.96,109.2208,13.3695,50,4,0,0,0
561,1L2Y,1,156.96,31.6814,20.1108,50,2,0,0,0
562,1L2Y,1,129.8,33.8095,24.6424,50,2,0.0161,6.505,8.1253
563,1L2Y,1,110.06,76.6287,15.5594,50,0,0,0,0
564,1L2Y,1,120.92,39.0912,18.5444,50,1,0,0,0
565,1L2Y,1,104.7,542.0318,14.5158,50,1,0,0,0
566,1L2Y,1,100.52,536.4218,15.8715,50,2,0,0,0
567,1L2Y,1,131.62,37.088,29.067,50,2,-0.0086,2.4886,8.1261
568,1L2Y,1,121.98,30.8406,24.255,50,0,0,0,0
569,1L2Y,1,15.96,27.059,14.7365,6,3,0,0,0
570,1L2Y,1,97.96,38.7197,16.5991,50,0,0,0,0
571,1L2Y,1,147.04,36.5054,27.2095,50,1,0,0,0
572,1L2Y,1,137.46,43.8985,20.7915,50,0,0,0,0
573,1L2Y,1,96.3,53.3919,16.3814,50,0,-0.0215,3.9246,8.1264
574,1L2Y,1,120.92,30.1518,14.8189,50,1,0,0,0
575,1L2Y,1,114.22,34.549,16.7233,50,0,0,0,0
576,1L2Y,1,109.6,46.8234,16.825,50,0,0,0,0
577,1L2Y,1,98.54,33.8246,13.9186,50,3,0,0,0
578,1L2Y,1,133.06,36.7448,18.9124,50,2,0.0028,5.7131,8.1256
579,1L2Y,1,159.76,31.6618,12.4873,50,1,0,0,0
580,1L2Y,1,114.34,45.8633,14.2267,50,1,0,0,0
581,1L2Y,1,98.16,41.9338,19.094,50,1,0,0,0
582,1L2Y,1,152.92,133.1556,12.6585,50,1,0,0,0
583,1L2Y,1,58.7,405.104,14.4944,32,5,0,0,0
584,1L2Y,1,106.84,32.8396,21.3737,50,1,-0.0066,4.7428,8.1253
585,1L2Y,1,94.3,35.3231,27.0663,50,3,0,0,0
586,1L2Y,1,126.12,249.6067,8.6982,50,4,0,0,0
587,1L2Y,1,108.62,134.7225,13.658,50,1,0,0,0
588,1L2Y,1,116.88,37.7525,14.4178,50,3,0,0,0
589,1L2Y,1,134.22,25.1074,9.8821,50,0,-0.0047,3.9702,8.1255
590,1L2Y,1,130.66,92.133,13.137,50,0,0,0,0
591,1L2Y,1,100.68,461.7527,16.055,50,3,0,0,0
592,1L2Y,1,145.16,50.4221,17.8592,50,2,0,0,0
593,1L2Y,1,101.9,39.2174,28.6067,50,1,0,0,0
594,1L2Y,1,28.78,264.5546,11.4967,30,4,-0.0134,4.9461,8.1251
595,1L2Y,1,113.04,53.5069,13.9209,50,2,0,0,0
596,1L2Y,1,128.4,29.0688,16.9037,50,2,0,0,0
597,1L2Y,1,91.62,353.6062,10.3987,50,0,0,0,0
598,1L2Y,1,73.34,529.1684,9.8089,50,2,0,0,0
599,1L2Y,1,125.34,34.2681,17.5266,50,1,-0.0071,11.0781,8.1247
600,1L2Y,1,164.1,39.4826,21.2326,50,0,0,0,0
601,1L2Y,1,100.28,41.4636,22.6809,50,2,0,0,0
602,1L2Y,1,140.6,28.5898,19.9057,50,1,0,0,0
603,1L2Y,1,154.48,80.7395,17.605,50,0,0,0,0
604,1L2Y,1,100.18,203.1621,9.936,50,2,0.0007,4.3805,8.1247
605,1L2Y,1,111.22,144.3123,18.9891,50,0,0,0,0
606,1L2Y,1,106.9,38.3839,17.9054,50,1,0,0,0
607,1L2Y,1,104.14,40.5489,13.1231,50,1,0,0,0
608,1L2Y,1,74.16,152.4884,12.926,50,0,0,0,0
609,1L2Y,1,-9.96,473.5207,13.7017,6,4,0,0,0
610,1L2Y,1,105.7,298.5281,8.414,50,1,0.0216,3.7947,8.1252
611,1L2Y,1,119.82,30.0266,18.2046,50,0,0,0,0
612,1L2Y,1,137.32,45.4191,26.9567,50,1,0,0,0
613,1L2Y,1,189.64,240.4518,9.8846,50,2,0,0,0
614,1L2Y,1,130.6,244.4993,16.3252,50,2,0,0,0
615,1L2Y,1,139.72,38.7997,10.9364,50,0,0,0,0
616,1L2Y,1,110.9,164.6594,17.2587,50,1,0.0,6.1685,8.1256
617,1L2Y,1,24.04,49.4733,11.7009,22,5,0,0,0
618,1L2Y,1,149.82,44.7963,21.5472,50,0,0,0,0
619,1L2Y,1,29.32,39.7758,24.2373,16,5,0,0,0
620,1L2Y,1,108.3,67.5552,19.2535,50,1,0,0,0
621,1L2Y,1,167.92,34.0789,19.3866,50,1,0,0,0
622,1L2Y,1,110.34,39.9094,12.9847,50,3,0.0087,5.7377,8.1252
623,1L2Y,1,89.88,148.086,21.5986,50,0,0,0,0
624,1L2Y,1,108.1,37.5431,16.5522,50,1,0,0,0
625,1L2Y,1,98.5,38.714,11.836,50,1,0,0,0
626,1L2Y,1,102.32,41.1543,17.648,50,0,0,0,0
627,1L2Y,1,138.24,33.9129,10.6995,50,2,-0.0027,2.7839,8.1247
628,1L2Y,1,113.34,41.3809,20.0753,50,1,0,0,0
629,1L2Y,1,96.16,38.1626,14.8647,50,3,0,0,0
630,1L2Y,1,117.14,32.8148,22.5898,50,1,0,0,0
631,1L2Y,1,88.52,38.9498,13.6142,50,0,0,0,0
632,1L2Y,1,172.26,43.3767,20.6865,50,0,0.0068,5.3117,8.1253
633,1L2Y,1,117.02,37.3439,14.9262,50,0,0,0,0
634,1L2Y,1,113.24,251.5149,20.3246,50,2,0,0,0
635,1L2Y,1,115.2,270.8171,20.1052,50,1,0,0,0
636,1L2Y,1,110.66,31.0272,26.8463,50,3,0,0,0
637,1L2Y,1,130.88,446.8512,16.9682,50,0,-0.0001,4.3314,8.1259
638,1L2Y,1,111.58,42.5598,11.367,50,2,0,0,0
639,1L2Y,1,82.66,277.094,15.4054,50,0,0,0,0
640,1L2Y,1,118.38,36.7068,17.9497,50,2,0,0,0
641,1L2Y,1,71.94,239.0371,16.7825,50,2,0,0,0
642,1L2Y,1,138.34,39.1419,17.1878,50,0,-0.0177,6.2699,8.1262
643,1L2Y,1,124.42,42.0812,28.0043,50,0,0,0,0
644,1L2Y,1,114.86,35.6207,29.8999,50,3,0,0,0
645,1L2Y,1,93.94,386.2411,12.6364,50,1,0,0,0
646,1L2Y,1,103.12,40.6649,22.6587,50,0,0,0,0
647,1L2Y,1,166.42,345.9351,15.622,50,1,-0.0064,5.8789,8.1263
648,1L2Y,1,122.82,32.6738,20.6931,50,3,0,0,0
649,1L2Y,1,97.48,28.845,12.8032,50,2,0,0,0
650,1L2Y,1,144.68,31.0835,26.4588,50,1,0,0,0
651,1L2Y,1,118.06,37.8176,20.7001,50,2,0,0,0
652,1L2Y,1,104.58,32.7454,14.9932,50,0,0,0,0
653,1L2Y,1,142.62,33.7352,27.4577,50,2,-0.0095,3.25,8.1262
654,1L2Y,1,122.0,75.1269,14.5299,50,2,0,0,0
655,1L2Y,1,113.16,65.8253,25.2392,50,3,0,0,0
656,1L2Y,1,-11.5,37.1159,12.9318,5,5,0,0,0
657,1L2Y,1,172.46,34.4317,17.5744,50,0,0,0,0
658,1L2Y,1,118.22,321.2471,10.3897,50,0,0,0,0
659,1L2Y,1,118.32,48.6107,10.7432,50,2,-0.018,6.671,8.126
660,1L2Y,1,164.1,156.5567,18.4724,50,2,0,0,0
661,1L2Y,1,-9.88,146.6836,10.7901,6,4,0,0,0
662,1L2Y,1,115.96,296.1573,14.8594,50,0,0,0,0
663,1L2Y,1,100.32,144.5893,17.625,50,0,0,0,0
664,1L2Y,1,126.34,27.4402,20.9343,50,1,0,0,0
665,1L2Y,1,137.86,35.0452,19.2732,50,0,-0.0106,4.9884,8.1257
666,1L2Y,1,119.96,138.7595,11.08,50,1,0,0,0
667,1L2Y,1,121.58,31.4161,19.3106,50,1,0,0,0
668,1L2Y,1,149.5,175.8512,13.3486,50,1,0,0,0
669,1L2Y,1,105.58,235.9836,15.6685,50,2,0,0,0
670,1L2Y,1,132.04,29.0647,23.3625,50,1,-0.0077,2.5885,8.1254
671,1L2Y,1,100.72,42.5579,24.6924,50,2,0,0,0
672,1L2Y,1,157.82,40.5097,11.3185,50,0,0,0,0
673,1L2Y,1,91.6,38.333,14.7425,50,2,0,0,0
674,1L2Y,1,-11.5,17.7631,13.4135,5,5,0,0,0
675,1L2Y,1,79.42,50.4084,22.2804,50,0,0,0,0
676,1L2Y,1,118.44,28.2333,21.3384,50,1,-0.0138,7.01,8.1252
677,1L2Y,1,101.2,34.0789,10.0026,50,1,0,0,0
678,1L2Y,1,-1.22,40.9176,7.149,7,4,0,0,0
679,1L2Y,1,121.4,137.5335,14.221,50,3,0,0,0
680,1L2Y,1,144.58,123.3074,17.0834,50,2,0,0,0
681,1L2Y,1,112.34,224.8215,12.1917,50,2,0,0,0
682,1L2Y,1,109.12,49.8351,14.7281,50,0,0.0019,4.5253,8.1251
683,1L2Y,1,75.06,39.6133,18.4043,50,1,0,0,0
684,1L2Y,1,124.6,38.9478,18.1274,50,0,0,0,0
685,1L2Y,1,115.44,46.5515,14.2802,50,2,0,0,0
686,1L2Y,1,139.86,29.9618,14.4939,50,0,0,0,0
687,1L2Y,1,118.82,181.563,9.6352,50,2,-0.0015,6.3945,8.1249
688,1L2Y,1,114.88,334.2073,12.1116,50,3,0,0,0
689,1L2Y,1,122.52,44.2682,23.2406,50,0,0,0,0
690,1L2Y,1,138.08,34.1448,20.9802,50,0,0,0,0
691,1L2Y,1,131.5,55.3312,19.1733,50,0,0,0,0
692,1L2Y,1,99.14,34.4596,22.5557,50,0,0.0036,5.4081,8.1249
693,1L2Y,1,137.58,217.6311,13.6667,50,3,0,0,0
694,1L2Y,1,105.04,34.2772,23.1544,50,1,0,0,0
695,1L2Y,1,122.22,206.5012,19.258,50,0,0,0,0
696,1L2Y,1,133.2,35.5229,14.5788,50,2,0,0,0
697,1L2Y,1,138.22,33.2569,21.764,50,1,-0.0051,3.6251,8.1249
698,1L2Y,1,83.7,36.3014,25.2353,50,1,0,0,0
699,1L2Y,1,103.84,33.7158,14.603,50,0,0,0,0
700,1L2Y,1,90.28,46.5177,15.485,50,1,0,0,0
701,1L2Y,1,99.4,282.6181,12.5595,50,4,0,0,0
702,1L2Y,1,125.4,237.6624,17.2259,50,1,0.0014,5.5663,8.1251
703,1L2Y,1,150.28,308.4699,21.6124,50,1,0,0,0
704,1L2Y,1,142.88,130.5163,14.8256,50,0,0,0,0
705,1L2Y,1,143.68,33.6192,14.2526,50,3,0,0,0
706,1L2Y,1,114.2,142.9498,21.9844,50,2,0,0,0
707,1L2Y,1,-6.08,40.7334,24.6532,12,4,0,0,0
708,1L2Y,1,133.0,34.0962,18.471,50,0,-0.0153,5.5033,8.1254
709,1L2Y,1,151.48,34.6491,14.3797,50,0,0,0,0
710,1L2Y,1,149.34,45.4068,18.6005,50,3,0,0,0
711,1L2Y,1,155.88,142.8055,13.6076,50,1,0,0,0
712,1L2Y,1,124.0,37.9744,13.9808,50,2,0,0,0
713,1L2Y,1,-11.9,138.8945,17.2333,6,5,0,0,0
714,1L2Y,1,133.34,35.8024,14.2364,50,0,0.0101,5.2545,8.1256
715,1L2Y,1,91.8,38.1018,18.6933,50,2,0,0,0
716,1L2Y,1,124.32,36.9194,15.1488,50,2,0,0,0
717,1L2Y,1,126.68,135.6545,18.8178,50,1,0,0,0
718,1L2Y,1,31.62,266.9523,24.1759,25,5,0,0,0
719,1L2Y,1,112.22,237.9342,17.4,50,2,0,0,0
720,1L2Y,1,115.48,38.1448,21.0703,50,2,-0.0083,6.0029,8.1256
721,1L2Y,1,101.38,341.2872,16.0925,50,3,0,0,0
722,1L2Y,1,142.44,39.9039,21.8148,50,2,0,0,0
723,1L2Y,1,137.44,63.1024,12.7111,50,1,0,0,0
724,1L2Y,1,99.88,33.3977,17.9088,50,1,0,0,0
725,1L2Y,1,131.34,38.4873,21.8052,50,1,-0.0039,4.6076,8.1253
726,1L2Y,1,105.32,41.2931,19.6052,50,1,0,0,0
727,1L2Y,1,106.58,93.9182,17.6214,50,1,0,0,0
728,1L2Y,1,118.26,36.8068,12.1468,50,2,0,0,0
729,1L2Y,1,67.3,153.4561,13.3611,50,3,0,0,0
730,1L2Y,1,122.22,40.1619,22.2802,50,4,-0.0048,3.8815,8.1253
731,1L2Y,1,114.28,28.7524,12.7454,50,1,0,0,0
732,1L2Y,1,-11.5,32.1781,20.5985,5,5,0,0,0
733,1L2Y,1,122.34,47.3549,22.3395,50,0,0,0,0
734,1L2Y,1,113.08,44.194,11.2141,50,0,0,0,0
735,1L2Y,1,75.38,32.7183,20.2871,50,3,0,0,0
736,1L2Y,1,129.78,28.8134,17.8536,50,1,-0.0022,3.3113,8.1255
737,1L2Y,1,124.92,34.1396,10.204,50,0,0,0,0
738,1L2Y,1,136.12,41.3047,12.9005,50,0,0,0,0
739,1L2Y,1,123.54,88.7165,13.3106,50,2,0,0,0
740,1L2Y,1,84.2,45.5069,9.6239,50,4,0,0,0
741,1L2Y,1,117.36,37.7938,12.3409,50,1,-0.0042,4.1426,8.1256
742,1L2Y,1,131.3,34.9276,19.4115,50,0,0,0,0
743,1L2Y,1,89.78,47.9667,14.354,50,1,0,0,0
744,1L2Y,1,127.96,31.1221,13.8941,50,0,0,0,0
745,1L2Y,1,71.94,45.7967,27.3638,50,4,0,0,0
746,1L2Y,1,141.98,134.072,20.6833,50,1,-0.0171,6.2974,8.1255
747,1L2Y,1,119.28,28.359,10.5015,50,3,0,0,0
748,1L2Y,1,9.52,364.7362,18.7986,10,4,0,0,0
749,1L2Y,1,136.3,43.1497,14.518,50,1,0,0,0
750,1L2Y,1,-11.5,41.9207,8.655,5,5,0,0,0
751,1L2Y,1,152.44,30.3771,19.2256,50,1,0,0,0
752,1L2Y,1,126.62,45.8389,14.2833,50,1,0,0,0
753,1L2Y,1,84.86,36.6814,19.1397,50,1,-0.0004,5.0104,8.1254
754,1L2Y,1,96.06,340.4801,19.2504,50,1,0,0,0
755,1L2Y,1,75.1,254.5996,16.1673,36,5,0,0,0
756,1L2Y,1,127.42,66.653,20.4526,50,2,0,0,0
757,1L2Y,1,108.4,43.4586,13.6946,50,1,0,0,0
758,1L2Y,1,156.08,41.5258,24.256,50,0,0.001,5.2232,8.1252
759,1L2Y,1,89.1,34.7046,30.4501,50,1,0,0,0
760,1L2Y,1,59.22,261.2033,11.0849,50,2,0,0,0
761,1L2Y,1,127.38,41.7116,21.0333,50,0,0,0,0
762,1L2Y,1,104.28,354.3181,16.5089,50,3,0,0,0
763,1L2Y,1,112.98,41.2634,18.8907,50,0,0,0,0
764,1L2Y,1,88.56,22.8161,10.3799,50,3,-0.0078,6.1531,8.1252
765,1L2Y,1,138.28,44.3433,17.3437,50,1,0,0,0
766,1L2Y,1,69.58,58.8043,10.4912,50,2,0,0,0
767,1L2Y,1,111.4,49.8384,13.6084,50,0,0,0,0
768,1L2Y,1,128.08,443.6158,15.9557,50,3,0,0,0
769,1L2Y,1,127.3,40.2718,13.6135,50,1,-0.0191,5.5371,8.1252
770,1L2Y,1,99.22,145.8687,11.9224,50,0,0,0,0
771,1L2Y,1,140.42,40.059,15.0683,50,3,0,0,0
772,1L2Y,1,120.52,40.7339,24.589,50,2,0,0,0
773,1L2Y,1,127.84,39.1408,16.7175,50,0,0,0,0
774,1L2Y,1,84.3,163.4506,15.3689,50,3,-0.0136,4.2318,8.1252
775,1L2Y,1,152.06,35.6528,16.7513,50,0,0,0,0
776,1L2Y,1,105.66,59.3794,19.4227,50,0,0,0,0
777,1L2Y,1,123.26,251.8816,13.4329,50,1,0,0,0
778,1L2Y,1,127.06,35.0521,20.5013,50,1,0,0,0
779,1L2Y,1,84.42,133.1785,19.0114,50,3,-0.0131,5.9832,8.1253
780,1L2Y,1,-2.74,205.0089,12.8593,14,5,0,0,0
781,1L2Y,1,99.74,30.6486,12.5161,50,1,0,0,0
782,1L2Y,1,130.36,35.8394,14.9437,50,0,0,0,0
783,1L2Y,1,117.58,311.7985,13.6671,50,1,0,0,0
784,1L2Y,1,123.84,35.3871,12.2368,50,2,0,0,0
785,1L2Y,1,63.82,665.6928,13.1489,50,4,0.0018,5.9758,8.1253
786,1L2Y,1,137.84,236.1219,12.8462,50,3,0,0,0
787,1L2Y,1,107.7,35.521,16.7665,50,1,0,0,0
788,1L2Y,1,100.3,46.6407,16.2078,50,0,0,0,0
789,1L2Y,1,116.6,161.3164,17.5347,50,1,0,0,0
790,1L2Y,1,-11.88,55.6808,12.8314,6,5,0,0,0
791,1L2Y,1,111.62,33.4164,20.4712,50,1,-0.0067,5.2183,8.1252
792,1L2Y,1,112.14,42.4707,20.0537,50,0,0,0,0
793,1L2Y,1,115.88,33.8838,18.9733,50,0,0,0,0
794,1L2Y,1,76.2,258.5536,15.6472,45,5,0,0,0
795,1L2Y,1,116.04,130.8277,12.9278,50,0,0,0,0
796,1L2Y,1,95.44,43.9318,18.8358,50,0,-0.0059,6.5526,8.1252
797,1L2Y,1,-11.5,28.5797,13.0547,5,5,0,0,0
798,1L2Y,1,113.04,88.3349,15.0917,50,1,0,0,0
799,1L2Y,1,101.64,37.3433,11.357,50,1,0,0,0
800,1L2Y,1,10.02,444.9609,17.0862,9,4,0,0,0
801,1L2Y,1,162.34,27.5996,23.9563,50,0,0,0,0
802,1L2Y,1,109.42,47.8547,17.3211,50,2,0,0,0
803,1L2Y,1,136.02,23.7451,16.3262,50,1,-0.004,5.7816,8.1253
804,1L2Y,1,122.06,44.9814,19.9817,50,0,0,0,0
805,1L2Y,1,121.46,42.3102,15.4593,50,2,0,0,0
806,1L2Y,1,148.24,31.6344,23.697,50,2,0,0,0
807,1L2Y,1,-11.5,35.0842,10.572,5,5,0,0,0
808,1L2Y,1,91.02,254.0364,18.2517,50,2,0,0,0
809,1L2Y,1,120.08,27.1412,19.2313,50,4,-0.0046,5.8476,8.1254
810,1L2Y,1,106.88,39.9586,16.2206,50,0,0,0,0
811,1L2Y,1,122.6,32.6501,20.1838,50,1,0,0,0
812,1L2Y,1,103.14,33.8654,20.5266,50,1,0,0,0
813,1L2Y,1,129.38,23.531,9.7832,50,0,0,0,0
814,1L2Y,1,110.42,42.7877,26.2098,50,1,-0.0028,5.5643,8.1253
815,1L2Y,1,100.2,40.0474,18.5209,50,1,0,0,0
816,1L2Y,1,124.1,124.0885,21.2732,50,1,0,0,0
817,1L2Y,1,105.94,252.7915,13.7281,50,2,0,0,0
818,1L2Y,1,101.74,229.2136,16.9359,50,1,0,0,0
819,1L2Y,1,113.3,38.4213,17.8377,50,0,-0.0152,5.3545,8.125
820,1L2Y,1,111.18,138.1278,15.1523,50,1,0,0,0
821,1L2Y,1,108.44,36.3233,19.7588,50,1,0,0,0
822,1L2Y,1,100.84,36.4997,29.1038,50,0,0,0,0
823,1L2Y,1,78.26,302.6864,21.4113,50,1,0,0,0
824,1L2Y,1,132.66,194.6272,20.2978,50,1,-0.0113,4.5695,8.1251
825,1L2Y,1,123.02,37.4312,19.8971,50,1,0,0,0
826,1L2Y,1,76.6,39.66,23.7829,50,0,0,0,0
827,1L2Y,1,105.32,34.2716,23.1886,50,2,0,0,0
828,1L2Y,1,137.58,33.0293,13.1222,50,0,0,0,0
829,1L2Y,1,145.68,62.4023,23.2326,50,1,0.0004,6.6097,8.1252
830,1L2Y,1,-11.5,30.143,15.2809,5,5,0,0,0
831,1L2Y,1,-1.72,242.3017,12.8615,8,4,0,0,0
832,1L2Y,1,125.86,134.7261,19.0451,50,1,0,0,0
833,1L2Y,1,-11.5,35.2202,11.7784,5,5,0,0,0
834,1L2Y,1,5.96,446.2565,11.6069,12,4,0,0,0
835,1L2Y,1,90.84,33.2339,13.4931,50,1,0,0,0
836,1L2Y,1,140.78,146.5866,12.3576,50,2,0,0,0
837,1L2Y,1,156.34,30.7777,19.6139,50,2,0,0,0
838,1L2Y,1,112.5,40.767,17.9109,50,2,-0.0073,8.3448,8.1252
839,1L2Y,1,100.68,37.7605,16.38,50,0,0,0,0
840,1L2Y,1,94.36,50.0766,13.9122,50,4,0,0,0
841,1L2Y,1,121.62,159.6721,24.465,50,1,0,0,0
842,1L2Y,1,-11.5,42.105,13.6662,5,5,0,0,0
843,1L2Y,1,131.46,129.962,19.51,50,1,0,0,0
844,1L2Y,1,127.18,138.7323,11.509,41,5,-0.0026,5.7861,8.125
845,1L2Y,1,124.18,49.8915,24.0539,50,2,0,0,0
846,1L2Y,1,128.28,30.7094,19.1132,50,2,0,0,0
847,1L2Y,1,128.8,47.3131,13.336,50,2,0,0,0
848,1L2Y,1,135.62,37.666,16.0542,50,1,0,0,0
849,1L2Y,1,-11.88,136.609,14.8781,6,5,0,0,0
850,1L2Y,1,120.38,130.047,15.3878,50,4,-0.0113,3.5949,8.1251
851,1L2Y,1,115.64,42.7915,23.8291,50,4,0,0,0
852,1L2Y,1,-11.5,37.9851,7.4787,5,5,0,0,0
853,1L2Y,1,119.22,36.6179,23.0398,50,2,0,0,0
854,1L2Y,1,151.7,320.4605,13.1495,50,2,0,0,0
855,1L2Y,1,86.52,101.1505,22.9618,50,2,0,0,0
856,1L2Y,1,120.2,347.4461,19.4261,50,2,0.0012,7.9265,8.1253
857,1L2Y,1,-10.0,346.8236,16.5392,6,4,0,0,0
858,1L2Y,1,98.46,34.3575,11.2379,50,1,0,0,0
859,1L2Y,1,105.24,42.8637,15.9566,50,1,0,0,0
860,1L2Y,1,107.34,37.7,18.5545,50,0,0,0,0
861,1L2Y,1,166.54,35.397,21.1961,50,0,0,0,0
862,1L2Y,1,126.32,40.9192,17.9856,50,0,-0.0148,8.9864,8.1253
863,1L2Y,1,110.94,32.993,21.6094,50,2,0,0,0
864,1L2Y,1,120.48,62.7637,23.3443,50,3,0,0,0
865,1L2Y,1,18.0,347.4372,10.9694,11,4,0,0,0
866,1L2Y,1,111.92,29.2228,17.9419,50,1,0,0,0
867,1L2Y,1,110.16,514.4226,11.3266,50,3,0,0,0
868,1L2Y,1,130.24,42.7597,23.7399,50,3,-0.0056,5.9354,8.1252
869,1L2Y,1,114.38,304.9528,16.6428,50,1,0,0,0
870,1L2Y,1,94.84,39.4248,12.5862,50,1,0,0,0
871,1L2Y,1,112.44,283.3212,10.0843,50,2,0,0,0
872,1L2Y,1,128.16,46.0241,17.6796,50,1,0,0,0
873,1L2Y,1,103.48,37.2732,25.3191,50,0,-0.0037,4.7481,8.1251
874,1L2Y,1,111.4,33.2541,21.3532,50,2,0,0,0
875,1L2Y,1,114.36,32.0792,13.4964,50,0,0,0,0
876,1L2Y,1,137.58,33.7416,16.7246,50,0,0,0,0
877,1L2Y,1,117.08,191.8883,13.3133,50,4,0,0,0
878,1L2Y,1,145.12,155.0955,12.5987,50,1,-0.0089,4.9212,8.1253
879,1L2Y,1,118.58,37.6765,12.6775,50,0,0,0,0
880,1L2Y,1,83.38,45.0613,15.2425,50,0,0,0,0
881,1L2Y,1,131.96,115.9828,16.389,50,1,0,0,0
882,1L2Y,1,104.08,46.5876,20.8996,50,0,0,0,0
883,1L2Y,1,124.62,35.381,11.41,50,0,0.0045,6.759,8.1255
884,1L2Y,1,107.68,34.4707,18.0814,50,1,0,0,0
885,1L2Y,1,123.22,40.6395,18.6437,50,1,0,0,0
886,1L2Y,1,108.1,38.1114,23.9344,50,1,0,0,0
887,1L2Y,1,114.72,44.1943,16.5619,50,2,0,0,0
888,1L2Y,1,82.06,38.6925,14.4428,50,2,-0.0026,4.7042,8.1257
889,1L2Y,1,126.14,36.2495,9.3834,50,0,0,0,0
890,1L2Y,1,-11.5,45.9227,16.7751,5,5,0,0,0
891,1L2Y,1,110.34,40.0191,12.9465,50,1,0,0,0
892,1L2Y,1,116.96,169.0902,11.4974,50,1,0,0,0
893,1L2Y,1,114.92,37.1741,12.9479,50,2,0,0,0
894,1L2Y,1,97.84,121.8495,13.7941,40,5,0,0,0
895,1L2Y,1,122.62,30.7066,19.8755,40,5,0.0047,3.6742,8.1256
896,1L2Y,1,105.14,38.6649,24.9445,50,1,0,0,0
897,1L2Y,1,149.68,27.4913,23.3414,50,0,0,0,0
898,1L2Y,1,100.08,33.4507,11.7077,50,1,0,0,0
899,1L2Y,1,142.46,97.9708,12.3358,50,0,0,0,0
900,1L2Y,1,116.24,41.6918,16.1562,50,1,-0.0233,4.5552,8.1255
901,1L2Y,1,124.16,46.3273,24.619,50,0,0,0,0
902,1L2Y,1,124.1,35.2741,17.6906,50,0,0,0,0
903,1L2Y,1,113.98,162.0669,15.3405,50,1,0,0,0
904,1L2Y,1,77.68,38.1204,20.2683,50,0,0,0,0
905,1L2Y,1,135.84,114.7704,9.7603,50,0,-0.0049,6.1568,8.1255
906,1L2Y,1,150.6,31.8039,14.6645,50,1,0,0,0
907,1L2Y,1,93.52,38.7738,13.8879,50,0,0,0,0
908,1L2Y,1,60.66,571.3543,14.3144,50,2,0,0,0
909,1L2Y,1,112.72,44.4238,9.1499,50,0,0,0,0
910,1L2Y,1,109.24,541.1844,16.0083,50,0,0.0078,6.7189,8.1256
911,1L2Y,1,114.62,147.5622,17.5228,50,2,0,0,0
912,1L2Y,1,81.62,141.0407,19.8399,50,2,0,0,0
913,1L2Y,1,104.34,135.6139,21.5389,50,0,0,0,0
914,1L2Y,1,119.72,431.8637,14.9075,50,1,0,0,0
915,1L2Y,1,65.94,121.1999,13.5805,50,0,-0.02,5.1732,8.1257
916,1L2Y,1,176.5,29.2575,18.7353,50,4,0,0,0
917,1L2Y,1,184.32,31.1338,19.2582,50,0,0,0,0
918,1L2Y,1,121.84,34.5131,21.0005,50,0,0,0,0
919,1L2Y,1,67.84,39.3017,19.554,50,0,0,0,0
920,1L2Y,1,123.18,449.6762,12.4099,50,0,0.0057,8.675,8.1257
921,1L2Y,1,92.52,39.1226,14.9583,50,0,0,0,0
922,1L2Y,1,142.3,38.8841,21.0082,50,2,0,0,0
923,1L2Y,1,137.34,42.0517,15.5824,50,1,0,0,0
924,1L2Y,1,105.92,44.8854,17.9933,50,1,0,0,0
925,1L2Y,1,-6.96,40.625,21.6545,6,4,0,0,0
926,1L2Y,1,121.72,30.4302,26.7852,50,1,-0.0128,7.6882,8.126
927,1L2Y,1,131.02,27.7115,15.307,50,2,0,0,0
928,1L2Y,1,113.74,38.0256,16.4646,50,3,0,0,0
929,1L2Y,1,124.24,263.9092,15.6223,50,2,0,0,0
930,1L2Y,1,97.78,243.7234,17.793,50,2,0,0,0
931,1L2Y,1,103.5,344.571,22.165,50,2,0,0,0
932,1L2Y,1,98.1,44.9295,11.7202,50,0,-0.0102,4.1497,8.1259
933,1L2Y,1,108.48,34.7541,10.2059,50,4,0,0,0
934,1L2Y,1,135.88,41.251,19.9589,50,1,0,0,0
935,1L2Y,1,90.46,39.2666,15.6126,50,1,0,0,0
936,1L2Y,1,125.18,37.2206,21.1843,50,0,0,0,0
937,1L2Y,1,3.2,37.6577,10.4297,8,3,0,0,0
938,1L2Y,1,0.66,501.901,11.1438,7,3,-0.0122,4.9961,8.1256
939,1L2Y,1,133.96,40.9097,17.0051,50,0,0,0,0
940,1L2Y,1,104.68,45.4119,15.4888,50,4,0,0,0
941,1L2Y,1,70.6,168.8596,10.05,42,5,0,0,0
942,1L2Y,1,135.28,641.2379,15.4348,50,3,0,0,0
943,1L2Y,1,126.5,131.9715,12.8246,50,1,0,0,0
944,1L2Y,1,140.52,126.61,18.3835,50,0,-0.0099,3.8887,8.1253
945,1L2Y,1,93.16,43.6315,19.91,50,0,0,0,0
946,1L2Y,1,112.98,40.5836,16.3113,50,0,0,0,0
947,1L2Y,1,108.58,43.0244,15.6175,50,1,0,0,0
948,1L2Y,1,110.46,353.4854,14.7633,50,0,0,0,0
949,1L2Y,1,137.96,33.1114,12.1983,50,1,-0.0016,4.2234,8.1253
950,1L2Y,1,116.42,49.9872,23.1252,50,1,0,0,0
951,1L2Y,1,97.34,30.2465,13.8828,50,0,0,0,0
952,1L2Y,1,79.52,48.0453,15.1609,50,0,0,0,0
953,1L2Y,1,139.76,149.0205,14.3353,50,0,0,0,0
954,1L2Y,1,85.3,147.5049,9.0531,50,3,-0.0108,5.4908,8.1252
955,1L2Y,1,160.16,32.8545,21.827,50,0,0,0,0
956,1L2Y,1,117.2,404.4737,13.372,50,2,0,0,0
957,1L2Y,1,81.62,177.1612,17.0764,50,1,0,0,0
958,1L2Y,1,101.78,34.226,16.2396,50,1,0,0,0
959,1L2Y,1,101.02,46.2266,13.9233,50,0,-0.0029,5.451,8.1252
960,1L2Y,1,140.36,31.0298,22.8333,50,0,0,0,0
961,1L2Y,1,129.52,40.594,9.5089,50,3,0,0,0
962,1L2Y,1,125.66,26.5668,20.178,50,0,0,0,0
963,1L2Y,1,145.64,38.2708,13.391,50,2,0,0,0
964,1L2Y,1,134.26,36.165,17.7045,50,0,-0.0192,3.0458,8.1252
965,1L2Y,1,114.38,38.8978,19.2821,50,2,0,0,0
966,1L2Y,1,-7.0,316.9425,15.4678,6,4,0,0,0
967,1L2Y,1,109.4,135.9617,20.1415,50,2,0,0,0
968,1L2Y,1,98.24,54.3273,12.2195,50,3,0,0,0
969,1L2Y,1,132.84,31.413,11.4724,50,2,0,0,0
970,1L2Y,1,108.0,37.5152,16.7256,50,1,-0.0056,5.4821,8.1253
971,1L2Y,1,147.16,50.4258,24.8763,50,1,0,0,0
972,1L2Y,1,113.74,30.7585,14.7132,50,2,0,0,0
973,1L2Y,1,104.68,52.9746,18.5208,50,1,0,0,0
974,1L2Y,1,124.54,32.8597,15.8069,50,0,0,0,0
975,1L2Y,1,105.36,32.909,29.7768,50,1,-0.0122,3.2615,8.1256
976,1L2Y,1,129.32,335.9634,17.5203,50,1,0,0,0
977,1L2Y,1,116.1,38.4946,26.7825,50,1,0,0,0
978,1L2Y,1,125.88,33.1816,10.6211,50,1,0,0,0
979,1L2Y,1,113.06,32.388,18.546,50,3,0,0,0
980,1L2Y,1,117.66,220.3943,7.8772,50,3,0.0027,3.3466,8.1257
981,1L2Y,1,1.84,507.0771,13.3304,15,4,0,0,0
982,1L2Y,1,97.02,43.5086,15.4938,50,2,0,0,0
983,1L2Y,1,-11.5,41.8056,15.2663,5,5,0,0,0
984,1L2Y,1,68.18,234.234,10.5983,41,5,0,0,0
985,1L2Y,1,133.24,215.555,17.9787,50,2,0,0,0
986,1L2Y,1,127.1,34.3369,26.9592,50,1,0,0,0
987,1L2Y,1,154.18,31.0409,15.4009,50,0,-0.0029,6.0296,8.1259
988,1L2Y,1,-0.9,24.6923,16.3561,6,4,0,0,0
989,1L2Y,1,121.08,44.9239,18.5647,50,2,0,0,0
990,1L2Y,1,127.5,37.4776,18.6123,50,2,0,0,0
991,1L2Y,1,131.44,33.9487,16.9219,50,2,0,0,0
992,1L2Y,1,89.32,37.1712,16.8708,50,1,0,0,0
993,1L2Y,1,87.4,52.0829,12.3828,50,2,-0.0192,5.5668,8.1259
994,1L2Y,1,97.94,36.545,12.3828,50,1,0,0,0
995,1L2Y,1,142.32,33.6162,17.1801,50,1,0,0,0
996,1L2Y,1,133.44,99.9909,16.4009,50,0,0,0,0
997,1L2Y,1,128.16,40.6471,11.0697,50,0,0,0,0
998,1L2Y,1,119.38,298.3408,16.0038,50,0,-0.0066,5.9369,8.1258
999,1L2Y,1,148.68,37.0989,16.7931,50,0,0,0,0
1000,1L2Y,1,76.0,85.9453,9.5793,36,5,0,0,0
